c	countryLabelEn	countryLabelFi	countryLabelSv	countryLabelDe	countryLabelFr	countryLabelIt
country	countryLabelEn	countryLabelFi	countryLabelSv	countryLabelDe	countryLabelFr	countryLabelIt
http://www.wikidata.org/entity/Q1000	Gabon	Gabon	Gabon	Gabun	Gabon	Gabon
http://www.wikidata.org/entity/Q1005	The Gambia	Gambia	Gambia	Gambia	Gambie	Gambia
http://www.wikidata.org/entity/Q1006	Guinea	Guinea	Guinea	Guinea	Guinée	Guinea
http://www.wikidata.org/entity/Q1007	Guinea-Bissau	Guinea-Bissau	Guinea-Bissau	Guinea-Bissau	Guinée-Bissau	Guinea-Bissau
http://www.wikidata.org/entity/Q1008	Ivory Coast	Norsunluurannikko	Elfenbenskusten	Elfenbeinküste	Côte d'Ivoire	Costa d'Avorio
http://www.wikidata.org/entity/Q1009	Cameroon	Kamerun	Kamerun	Kamerun	Cameroun	Camerun
http://www.wikidata.org/entity/Q1011	Cape Verde	Kap Verde	Kap Verde	Kap Verde	Cap-Vert	Capo Verde
http://www.wikidata.org/entity/Q1013	Lesotho	Lesotho	Lesotho	Lesotho	Lesotho	Lesotho
http://www.wikidata.org/entity/Q1014	Liberia	Liberia	Liberia	Liberia	Liberia	Liberia
http://www.wikidata.org/entity/Q101418	Lobamba	Lobamba	Lobamba	Lobamba	Lobamba	Lobamba
http://www.wikidata.org/entity/Q1016	Libya	Libya	Libyen	Libyen	Libye	Libia
http://www.wikidata.org/entity/Q1019	Madagascar	Madagaskar	Madagaskar	Madagaskar	Madagascar	Madagascar
http://www.wikidata.org/entity/Q1020	Malawi	Malawi	Malawi	Malawi	Malawi	Malawi
http://www.wikidata.org/entity/Q1025	Mauritania	Mauritania	Mauretanien	Mauretanien	Mauritanie	Mauritania
http://www.wikidata.org/entity/Q1027	Mauritius	Mauritius	Mauritius	Mauritius	Maurice	Mauritius
http://www.wikidata.org/entity/Q1028	Morocco	Marokko	Marocko	Marokko	Maroc	Marocco
http://www.wikidata.org/entity/Q1029	Mozambique	Mosambik	Moçambique	Mosambik	Mozambique	Mozambico
http://www.wikidata.org/entity/Q1030	Namibia	Namibia	Namibia	Namibia	Namibie	Namibia
http://www.wikidata.org/entity/Q1032	Niger	Niger	Niger	Niger	Niger	Niger
http://www.wikidata.org/entity/Q1033	Nigeria	Nigeria	Nigeria	Nigeria	Nigeria	Nigeria
http://www.wikidata.org/entity/Q1036	Uganda	Uganda	Uganda	Uganda	Ouganda	Uganda
http://www.wikidata.org/entity/Q1037	Rwanda	Ruanda	Rwanda	Ruanda	Rwanda	Ruanda
http://www.wikidata.org/entity/Q1039	São Tomé and Príncipe	São Tomé ja Príncipe	São Tomé och Príncipe	São Tomé und Príncipe	Sao Tomé-et-Principe	São Tomé e Príncipe
http://www.wikidata.org/entity/Q1041	Senegal	Senegal	Senegal	Senegal	Sénégal	Senegal
http://www.wikidata.org/entity/Q1042	Seychelles	Seychellit	Seychellerna	Seychellen	Seychelles	Seychelles
http://www.wikidata.org/entity/Q1044	Sierra Leone	Sierra Leone	Sierra Leone	Sierra Leone	Sierra Leone	Sierra Leone
http://www.wikidata.org/entity/Q1045	Somalia	Somalia	Somalia	Somalia	Somalie	Somalia
http://www.wikidata.org/entity/Q1049	Sudan	Sudan	Sudan	Sudan	Soudan	Sudan
http://www.wikidata.org/entity/Q1050	Eswatini	Swazimaa	Swaziland	Eswatini	Eswatini	eSwatini
http://www.wikidata.org/entity/Q106720	North Korean won	Pohjois-Korean won	Nordkoreansk won	nordkoreanischer Won	won nord-coréen	won nordcoreano
http://www.wikidata.org/entity/Q10717	Georgetown	Georgetown	Georgetown	Georgetown	Georgetown	Georgetown
http://www.wikidata.org/entity/Q1074730	Chiricahua	Chiricahuat	Chiricahuaapacher	Chiricahua	Chiricahuas	Chiricahua
http://www.wikidata.org/entity/Q108266	Navajo	Navajot	Navajo	Navajo	Navajos	Navajo
http://www.wikidata.org/entity/Q1085	Prague	Praha	Prag	Prag	Prague	Praga
http://www.wikidata.org/entity/Q1104069	Canadian dollar	Kanadan dollari	kanadensisk dollar	kanadischer Dollar	dollar canadien	dollaro canadese
http://www.wikidata.org/entity/Q11194	Sarajevo	Sarajevo	Sarajevo	Sarajevo	Sarajevo	Sarajevo
http://www.wikidata.org/entity/Q114	Kenya	Kenia	Kenya	Kenia	Kenya	Kenya
http://www.wikidata.org/entity/Q115	Ethiopia	Etiopia	Etiopien	Äthiopien	Éthiopie	Etiopia
http://www.wikidata.org/entity/Q117	Ghana	Ghana	Ghana	Ghana	Ghana	Ghana
http://www.wikidata.org/entity/Q1218	Jerusalem	Jerusalem	Jerusalem	Jerusalem	Jérusalem	Gerusalemme
http://www.wikidata.org/entity/Q122922	Swedish krona	Ruotsin kruunu	svensk krona	schwedische Krone	couronne suédoise	corona svedese
http://www.wikidata.org/entity/Q123213	złoty	Puolan złoty	Złoty	Złoty	złoty	złoty polacco
http://www.wikidata.org/entity/Q125999	Albanian lek	Albanian lek	Lek	Albanischer Lek	lek	lek albanese
http://www.wikidata.org/entity/Q12919	Majuro	Majuro	Majuro	Majuro	Majuro	Majuro
http://www.wikidata.org/entity/Q130498	Armenian dram	Armenian dram	Dram	Dram	dram	dram armeno
http://www.wikidata.org/entity/Q131016	Czech koruna	Tšekin koruna	tjeckisk krona	tschechische Krone	couronne tchèque	corona ceca
http://www.wikidata.org/entity/Q131233	South Tarawa	South Tarawa	South Tarawa	South Tarawa	Tarawa-Sud	Tarawa Sud
http://www.wikidata.org/entity/Q131309	new shekel	Uusi Israelin sekeli	Shekel	Schekel	shekel	nuovo siclo israeliano
http://www.wikidata.org/entity/Q131473	Icelandic króna	Islannin kruunu	Isländsk krona	isländische Krone	couronne islandaise	corona islandese
http://www.wikidata.org/entity/Q131645	Romanian leu	Romanian leu	Rumänsk leu	rumänischer Leu	leu roumain	leu romeno
http://www.wikidata.org/entity/Q131694	Aden	Aden	Aden	Aden	Aden	Aden
http://www.wikidata.org/entity/Q131723	bitcoin	bitcoin	Bitcoin	Bitcoin	Bitcoin	bitcoin
http://www.wikidata.org/entity/Q132643	Norwegian krone	Norjan kruunu	norsk krona	norwegische Krone	couronne norvégienne	corona norvegese
http://www.wikidata.org/entity/Q1335	Montevideo	Montevideo	Montevideo	Montevideo	Montevideo	Montevideo
http://www.wikidata.org/entity/Q1354	Dhaka	Dhaka	Dhaka	Dhaka	Dacca	Dacca
http://www.wikidata.org/entity/Q1362	Islamabad	Islamabad	Islamabad	Islamabad	Islamabad	Islamabad
http://www.wikidata.org/entity/Q142	France	Ranska	Frankrike	Frankreich	France	Francia
http://www.wikidata.org/entity/Q1435	Zagreb	Zagreb	Zagreb	Zagreb	Zagreb	Zagabria
http://www.wikidata.org/entity/Q145	United Kingdom	Yhdistynyt kuningaskunta	Storbritannien	Vereinigtes Königreich	Royaume-Uni	Regno Unito
http://www.wikidata.org/entity/Q1461	Manila	Manila	Manila	Manila	Manille	Manila
http://www.wikidata.org/entity/Q1472704	New Zealand dollar	Uuden-Seelannin dollari	Nyzeeländsk dollar	Neuseeland-Dollar	dollar néo-zélandais	dollaro neozelandese
http://www.wikidata.org/entity/Q148	People's Republic of China	Kiina	Kina	Volksrepublik China	République populaire de Chine	Cina
http://www.wikidata.org/entity/Q1486	Buenos Aires	Buenos Aires	Buenos Aires	Buenos Aires	Buenos Aires	Buenos Aires
http://www.wikidata.org/entity/Q1489	Mexico City	México	Mexico City	Mexiko-Stadt	Mexico	Città del Messico
http://www.wikidata.org/entity/Q1490	Tokyo	Tokio	Tokyo prefektur	Tokio	Tokyo	Tokyo
http://www.wikidata.org/entity/Q1491	La Paz	La Paz	La Paz	La Paz	La Paz	La Paz
http://www.wikidata.org/entity/Q15	Africa	Afrikka	Afrika	Afrika	Afrique	Africa
http://www.wikidata.org/entity/Q1519	Abu Dhabi	Abu Dhabi	Abu Dhabi	Abu Dhabi	Abou Dabi	Abu Dhabi
http://www.wikidata.org/entity/Q1520	Nur-Sultan	Nur-Sultan	Nur-Sultan	Nur-Sultan	Noursoultan	Nur-Sultan
http://www.wikidata.org/entity/Q1524	Athens	Ateena	Aten	Athen	Athènes	Atene
http://www.wikidata.org/entity/Q1530	Baghdad	Bagdad	Bagdad	Bagdad	Bagdad	Baghdad
http://www.wikidata.org/entity/Q1533	Caracas	Caracas	Caracas	Caracas	Caracas	Caracas
http://www.wikidata.org/entity/Q1537653	Ho-Chunk	Winnebagot	Winnebago	Winnebago	Winnebagos	Winnebago
http://www.wikidata.org/entity/Q155	Brazil	Brasilia	Brasilien	Brasilien	Brésil	Brasile
http://www.wikidata.org/entity/Q1555	Guatemala City	Guatemala	Guatemala City	Guatemala-Stadt	Guatemala-Ville	Città del Guatemala
http://www.wikidata.org/entity/Q1563	Havana	Havanna	Havanna	Havanna	La Havane	L'Avana
http://www.wikidata.org/entity/Q159	Russia	Venäjä	Ryssland	Russland	Russie	Russia
http://www.wikidata.org/entity/Q16	Canada	Kanada	Kanada	Kanada	Canada	Canada
http://www.wikidata.org/entity/Q160680	Belarusian ruble	Valko-Venäjän rupla	Belarusisk rubel	weißrussischer Rubel	rouble biélorusse	rublo bielorusso
http://www.wikidata.org/entity/Q163712	Malaysian ringgit	Malesian ringgit	Malaysisk ringgit	Ringgit	ringgit	ringgit malaysiano
http://www.wikidata.org/entity/Q167551	Gitega	Gitega	Gitega	Gitega	Gitega	Gitega
http://www.wikidata.org/entity/Q168652	Hargeisa	Hargeisa	Hargeisa	Hargeysa	Hargeisa	Hargheisa
http://www.wikidata.org/entity/Q17	Japan	Japani	Japan	Japan	Japon	Giappone
http://www.wikidata.org/entity/Q171503	nakfa	Eritrean nakfa	Nakfa	eritreischer Nakfa	nakfa érythréen	nacfa eritreo
http://www.wikidata.org/entity/Q17193	Philippine peso	Filippiinien peso	Filippinsk peso	philippinischer Peso	peso philippin	peso filippino
http://www.wikidata.org/entity/Q172524	Serbian dinar	Serbian dinaari	Serbisk dinar	serbischer Dinar	dinar serbe	dinaro serbo
http://www.wikidata.org/entity/Q172540	Bulgarian lev	Bulgarian leva	Lev	Lew	lev bulgare	lev bulgaro
http://www.wikidata.org/entity/Q172872	Turkish lira	Turkin liira	Turkisk lira	türkische Lira	livre turque	lira turca
http://www.wikidata.org/entity/Q173117	Brazilian real	Brasilian real	Real	brasilianischer Real	réal brésilien	real brasiliano
http://www.wikidata.org/entity/Q173751	Kazakhstani tenge	Kazakstanin tenge	Kazakstansk Tenge	Tenge	tenge kazakh	tenge kazako
http://www.wikidata.org/entity/Q1741	Vienna	Wien	Wien	Wien	Vienne	Vienna
http://www.wikidata.org/entity/Q1748	Copenhagen	Kööpenhamina	Köpenhamn	Kopenhagen	Copenhague	Copenaghen
http://www.wikidata.org/entity/Q1754	Stockholm	Tukholma	Stockholm	Stockholm	Stockholm	Stoccolma
http://www.wikidata.org/entity/Q1757	Helsinki	Helsinki	Helsingfors	Helsinki	Helsinki	Helsinki
http://www.wikidata.org/entity/Q1761	Dublin	Dublin	Dublin	Dublin	Dublin	Dublino
http://www.wikidata.org/entity/Q1764	Reykjavík	Reykjavík	Reykjavík	Reykjavík	Reykjavik	Reykjavík
http://www.wikidata.org/entity/Q1770	Tallinn	Tallinna	Tallinn	Tallinn	Tallinn	Tallinn
http://www.wikidata.org/entity/Q1773	Riga	Riika	Riga	Riga	Riga	Riga
http://www.wikidata.org/entity/Q177875	denar	Makedonian denaari	Makedonisk denar	nordmazedonischer Denar	dinar macédonien	Dinaro macedone
http://www.wikidata.org/entity/Q177882	baht	Baht	Baht	Baht	baht	baht thailandese
http://www.wikidata.org/entity/Q1780	Bratislava	Bratislava	Bratislava	Bratislava	Bratislava	Bratislava
http://www.wikidata.org/entity/Q1781	Budapest	Budapest	Budapest	Budapest	Budapest	Budapest
http://www.wikidata.org/entity/Q179620	convertible mark	Bosnian ja Hertsegovinan vaihdettava markka	Konvertibilna marka	konvertible Mark	mark convertible de Bosnie-Herzégovine	marco bosniaco
http://www.wikidata.org/entity/Q18	South America	Etelä-Amerikka	Sydamerika	Südamerika	Amérique du Sud	America meridionale
http://www.wikidata.org/entity/Q181129	Moldovan leu	Moldovan leu	Moldavisk leu	moldauischer Leu	leu moldave	leu moldavo
http://www.wikidata.org/entity/Q181907	South African rand	Etelä-Afrikan randi	Rand	südafrikanischer Rand	rand	rand sudafricano
http://www.wikidata.org/entity/Q183	Germany	Saksa	Tyskland	Deutschland	Allemagne	Germania
http://www.wikidata.org/entity/Q183435	tugrik	Mongolian tugrik	Mongolisk Tögrög	Tögrög	tugrik	tugrik mongolo
http://www.wikidata.org/entity/Q183530	Ghana cedi	Cedi	Ghana Cedi	Cedi	cedi	cedi ghanese
http://www.wikidata.org/entity/Q184	Belarus	Valko-Venäjä	Belarus	Belarus	Biélorussie	Bielorussia
http://www.wikidata.org/entity/Q1842	Luxembourg	Luxemburg	Luxemburg	Luxemburg	Luxembourg	Lussemburgo
http://www.wikidata.org/entity/Q1844	Vaduz	Vaduz	Vaduz	Vaduz	Vaduz	Vaduz
http://www.wikidata.org/entity/Q1848	San Marino	San Marino	San Marino	San Marino	Saint-Marin	Città di San Marino
http://www.wikidata.org/entity/Q1850	Phnom Penh	Phnom Penh	Phnom Penh	Phnom Penh	Phnom Penh	Phnom Penh
http://www.wikidata.org/entity/Q1858	Hanoi	Hanoi	Hanoi	Hanoi	Hanoï	Hanoi
http://www.wikidata.org/entity/Q1861	Bangkok	Bangkok	Bangkok	Bangkok	Bangkok	Bangkok
http://www.wikidata.org/entity/Q1863	Andorra la Vella	Andorra la Vella	Andorra la Vella	Andorra la Vella	Andorre-la-Vieille	Andorra la Vella
http://www.wikidata.org/entity/Q1865	Kuala Lumpur	Kuala Lumpur	Kuala Lumpur	Kuala Lumpur	Kuala Lumpur	Kuala Lumpur
http://www.wikidata.org/entity/Q1867	Taipei	Taipei	Taipei	Taipeh	Taipei	Taipei
http://www.wikidata.org/entity/Q186794	Botswana pula	Pula	Pula	botswanischer Pula	pula	pula del Botswana
http://www.wikidata.org/entity/Q18808	Pyongyang	Pjongjang	Pyongyang	Pjöngjang	Pyongyang	Pyongyang
http://www.wikidata.org/entity/Q188289	Pakistani rupee	Pakistanin rupia	Pakistansk rupee	pakistanische Rupie	roupie pakistanaise	rupia pakistana
http://www.wikidata.org/entity/Q188608	Iranian rial	Iranin rial	Iransk rial	iranischer Rial	rial iranien	riyal iraniano
http://www.wikidata.org/entity/Q189	Iceland	Islanti	Island	Island	Islande	Islanda
http://www.wikidata.org/entity/Q1899	Kyiv	Kiova	Kiev	Kiew	Kiev	Kiev
http://www.wikidata.org/entity/Q190699	Libyan dinar	Libyan dinaari	Libysk dinar	libyscher Dinar	dinar libyen	dinaro libico
http://www.wikidata.org/entity/Q190951	Singapore dollar	Singaporen dollari	Singaporiansk dollar	Singapur-Dollar	dollar de Singapour	dollaro di Singapore
http://www.wikidata.org/entity/Q191	Estonia	Viro	Estland	Estland	Estonie	Estonia
http://www.wikidata.org/entity/Q191068	Faroese króna	Färsaarten kruunu	Färöisk krona	färöische Krone	couronne féroïenne	corona delle Fær Øer
http://www.wikidata.org/entity/Q192090	Vietnamese dong	Vietnamin đồng	Vietnamesisk dong	vietnamesischer Đồng	dong	Đồng vietnamita
http://www.wikidata.org/entity/Q1930	Ottawa	Ottawa	Ottawa	Ottawa	Ottawa	Ottawa
http://www.wikidata.org/entity/Q193094	Iraqi dinar	Irakin dinaari	Irakisk dinar	irakischer Dinar	dinar irakien	dinaro iracheno
http://www.wikidata.org/entity/Q193098	Kuwaiti dinar	Kuwaitin dinaari	Kuwaitisk dinar	Kuwait-Dinar	dinar koweïtien	dinaro kuwaitiano
http://www.wikidata.org/entity/Q193712	São Tomé and Príncipe dobra	São Tomén ja Príncipen dobra	Saotomeansk Dobra	São-toméischer Dobra	dobra	dobra di São Tomé e Príncipe
http://www.wikidata.org/entity/Q194339	Bahamian dollar	Bahaman dollari	Bahamansk dollar	Bahama-Dollar	dollar bahaméen	dollaro delle Bahamas
http://www.wikidata.org/entity/Q194351	Barbadian dollar	Barbadoksen dollari	Barbadisk dollar	Barbados-Dollar	dollar barbadien	dollaro di Barbados
http://www.wikidata.org/entity/Q194453	Bangladeshi taka	Bangladeshin taka	Taka	Taka	taka	taka bengalese
http://www.wikidata.org/entity/Q1947	Juba	Juba	Juba	Juba	Djouba	Giuba
http://www.wikidata.org/entity/Q1953	Yerevan	Jerevan	Jerevan	Jerewan	Erevan	Erevan
http://www.wikidata.org/entity/Q1963	Khartoum	Khartum	Khartoum	Khartum	Khartoum	Khartum
http://www.wikidata.org/entity/Q19660	Bucharest	Bukarest	Bukarest	Bukarest	Bucarest	Bucarest
http://www.wikidata.org/entity/Q19689	Tirana	Tirana	Tirana	Tirana	Tirana	Tirana
http://www.wikidata.org/entity/Q199462	Egyptian pound	Egyptin punta	Egyptiskt pund	ägyptisches Pfund	livre égyptienne	sterlina egiziana
http://www.wikidata.org/entity/Q199471	Afghan afghani	Afganistanin afgaani	Afghani	Afghani	afghani	afghani afgano
http://www.wikidata.org/entity/Q199578	Argentine peso	Argentiinan peso	Argentinsk peso	argentinischer Peso	peso argentin	peso argentino
http://www.wikidata.org/entity/Q199674	Algerian dinar	Algerian dinaari	Algerisk dinar	algerischer Dinar	dinar algérien	dinaro algerino
http://www.wikidata.org/entity/Q199857	Saudi riyal	Saudi-Arabian rial	Saudiarabisk rial	Saudi-Rial	riyal saoudien	riyal saudita
http://www.wikidata.org/entity/Q199886	Tajikistani somoni	Tadžikistanin somoni	Tadzjikistansk somoni	Somoni	somoni	somoni tagico
http://www.wikidata.org/entity/Q20	Norway	Norja	Norge	Norwegen	Norvège	Norvegia
http://www.wikidata.org/entity/Q200050	Chilean peso	Chilen peso	Chilensk peso	chilenischer Peso	peso chilien	peso cileno
http://www.wikidata.org/entity/Q200055	Lao kip	Laosin kip	Laotisk Kip	Kip	Kip laotien	Kip laotiano
http://www.wikidata.org/entity/Q200192	Moroccan dirham	Marokon dirhami	Marockansk dirham	Marokkanischer Dirham	Dirham marocain	Dirham marocchino
http://www.wikidata.org/entity/Q200294	United Arab Emirates dirham	Yhdistyneiden arabiemiirikuntien dirhami	Emiratisk dirham	VAE-Dirham	Dirham des Émirats arabes unis	Dirham degli Emirati Arabi Uniti
http://www.wikidata.org/entity/Q200337	kwanza	Angolan kwanza	Kwanza	Kwanza	Kwanza	Kwanza angolano
http://www.wikidata.org/entity/Q200737	boliviano	Bolivian boliviano	Boliviano	Boliviano	boliviano	boliviano
http://www.wikidata.org/entity/Q200753	Mozambican metical	Mosambikin metical	Moçambikisk Metical	Metical	Metical	Metical mozambicano
http://www.wikidata.org/entity/Q200759	kina	Papua-Uuden-Guinean kina	Papuansk Kina	Kina	Kina	Kina papuana
http://www.wikidata.org/entity/Q201505	Cuban peso	Kuuban peso	Kubansk peso	kubanischer Peso	peso cubain	peso cubano
http://www.wikidata.org/entity/Q201799	ngultrum	Bhutanin ngultrum	Ngultrum	Ngultrum	ngultrum	Ngultrum del Bhutan
http://www.wikidata.org/entity/Q201871	Bahraini dinar	Bahrainin dinaari	Bahrainsk dinar	Bahrain-Dinar	dinar bahreïnien	dinaro del Bahrain
http://www.wikidata.org/entity/Q201875	kyat	Myanmarin kyat	Burmesisk kyat	Kyat	Kyat	Kyat birmano
http://www.wikidata.org/entity/Q201880	Lebanese pound	Libanonin punta	Libanesiskt pund	libanesisches Pfund	livre libanaise	lira libanese
http://www.wikidata.org/entity/Q202036	Surinamese dollar	Surinamen dollari	Surinamesisk dollar	Suriname-Dollar	Dollar du Surinam	Dollaro surinamese
http://www.wikidata.org/entity/Q202040	South Korean won	Etelä-Korean won	Sydkoreansk won	Südkoreanischer Won	won sud-coréen	won sudcoreano
http://www.wikidata.org/entity/Q202462	Namibian dollar	Namibian dollari	Namibisk dollar	Namibia-Dollar	Dollar namibien	Dollaro namibiano
http://www.wikidata.org/entity/Q202882	Kenyan shilling	Kenian šillinki	Kenyansk shilling	Kenia-Schilling	Shilling kényan	Scellino keniota
http://www.wikidata.org/entity/Q202885	dalasi	Dalasi	Dalasi	Dalasi	Dalasi	Dalasi gambese
http://www.wikidata.org/entity/Q202895	Nepalese rupee	Nepalin rupia	Nepalesisk rupee	Nepalesische Rupie	Roupie népalaise	Rupia nepalese
http://www.wikidata.org/entity/Q203567	Nigerian naira	Nigerian naira	Nigeriansk naira	Naira	Naira	Naira nigeriana
http://www.wikidata.org/entity/Q203722	Jordanian dinar	Jordanian dinaari	Jordansk dinar	jordanischer Dinar	dinar jordanien	dinaro giordano
http://www.wikidata.org/entity/Q203955	gourde	Haitin gourde	Gourde	Gourde	Gourde	Gourde haitiano
http://www.wikidata.org/entity/Q204656	Peruvian sol	Perun nuevo sol	Nuevo sol	Nuevo Sol	nouveau sol	Nuevo Sol peruviano
http://www.wikidata.org/entity/Q204737	riel	Kambodžan riel	Kambodjansk riel	Kambodschanischer Riel	Riel	Riel cambogiano
http://www.wikidata.org/entity/Q204920	Crown of Aragon	Aragonian kruunu	Aragonska kronan	Krone Aragon	Couronne d'Aragon	Corona d'Aragona
http://www.wikidata.org/entity/Q206243	birr	Etiopian birr	Etiopisk Birr	Äthiopischer Birr	Birr	birr etiope
http://www.wikidata.org/entity/Q206319	Brunei dollar	Brunein dollari	Bruneisk dollar	Brunei-Dollar	dollar de Brunei	dollaro del Brunei
http://www.wikidata.org/entity/Q206386	Qatari riyal	Qatarin rial	Qatarisk rial	Katar-Riyal	Riyal qatarien	riyal del Qatar
http://www.wikidata.org/entity/Q206600	Maldivian rufiyaa	Malediivien rufiyaa	Maldivisk rufiyah	Rufiyaa	Rufiyaa	rufiyaa delle Maldive
http://www.wikidata.org/entity/Q207024	Mauritanian ouguiya	Mauritanian ouguiya	Mauretansk ouguiya	Ouguiya	ouguiya	Ouguiya mauritana
http://www.wikidata.org/entity/Q207312	Nicaraguan córdoba	Nicaraguan córdoba	Nicaraguansk córdoba	Córdoba Oro	Córdoba	Córdoba nicaraguense
http://www.wikidata.org/entity/Q207396	quetzal	Guatemalan quetzal	Quetzal	Guatemaltekischer Quetzal	Quetzal	Quetzal guatemalteco
http://www.wikidata.org/entity/Q207514	Paraguayan guaraní	Paraguayn guaraní	Guarani	Paraguayischer Guaraní	Guaraní	guaraní paraguaiano
http://www.wikidata.org/entity/Q207523	Vanuatu vatus	Vanuatun vatu	Vanuatisk vatu	Vatu	Vatu	Vatu di Vanuatu
http://www.wikidata.org/entity/Q208039	Lesotho loti	Lesothon loti	Lesothisk Loti	Lesothischer Loti	Loti	Loti lesothiano
http://www.wikidata.org/entity/Q208526	New Taiwan dollar	Uusi Taiwanin dollari	Taiwanesisk dollar	Neuer Taiwan-Dollar	nouveau dollar de Taïwan	Dollaro taiwanese
http://www.wikidata.org/entity/Q209272	Uruguayan peso	Uruguayn peso	Uruguayansk peso	uruguayischer Peso	peso uruguayen	peso uruguaiano
http://www.wikidata.org/entity/Q209792	Jamaican dollar	Jamaikan dollari	Jamaicansk dollar	Jamaika-Dollar	Dollar jamaïcain	Dollaro giamaicano
http://www.wikidata.org/entity/Q210332	Haida people	Haidat	Haida	Haida	Haïdas	Haida
http://www.wikidata.org/entity/Q210472	Panamanian balboa	Panaman balboa	Panamansk balboa	Panamaischer Balboa	Balboa	Balboa panamense
http://www.wikidata.org/entity/Q211	Latvia	Latvia	Lettland	Lettland	Lettonie	Lettonia
http://www.wikidata.org/entity/Q211694	Malawian kwacha	Malawin kwacha	Malawisk kwacha	Malawi-Kwacha	Kwacha malawien	Kwacha malawiano
http://www.wikidata.org/entity/Q21197	Chișinău	Chișinău	Chișinău	Chișinău	Chișinău	Chișinău
http://www.wikidata.org/entity/Q212	Ukraine	Ukraina	Ukraina	Ukraine	Ukraine	Ucraina
http://www.wikidata.org/entity/Q212967	Mauritian rupee	Mauritiuksen rupia	Mauritisk rupie	Mauritius-Rupie	Roupie mauricienne	Rupia mauriziana
http://www.wikidata.org/entity/Q213	Czech Republic	Tšekki	Tjeckien	Tschechien	Tchéquie	Repubblica Ceca
http://www.wikidata.org/entity/Q213005	Guyanese dollar	Guyanan dollari	Guyansk dollar	Guyana-Dollar	Dollar guyanien	Dollaro della Guyana
http://www.wikidata.org/entity/Q213311	Guinean franc	Guinean frangi	Guinesisk franc	Franc Guinéen	franc guinéen	Franco guineano
http://www.wikidata.org/entity/Q214	Slovakia	Slovakia	Slovakien	Slowakei	Slovaquie	Slovacchia
http://www.wikidata.org/entity/Q215	Slovenia	Slovenia	Slovenien	Slowenien	Slovénie	Slovenia
http://www.wikidata.org/entity/Q216	Vilnius	Vilna	Vilnius	Vilnius	Vilnius	Vilnius
http://www.wikidata.org/entity/Q217	Moldova	Moldova	Moldavien	Republik Moldau	Moldavie	Moldavia
http://www.wikidata.org/entity/Q218	Romania	Romania	Rumänien	Rumänien	Roumanie	Romania
http://www.wikidata.org/entity/Q219	Bulgaria	Bulgaria	Bulgarien	Bulgarien	Bulgarie	Bulgaria
http://www.wikidata.org/entity/Q220	Rome	Rooma	Rom	Rom	Rome	Roma
http://www.wikidata.org/entity/Q221	North Macedonia	Pohjois-Makedonia	Nordmakedonien	Nordmazedonien	Macédoine du Nord	Macedonia del Nord
http://www.wikidata.org/entity/Q222	Albania	Albania	Albanien	Albanien	Albanie	Albania
http://www.wikidata.org/entity/Q224	Croatia	Kroatia	Kroatien	Kroatien	Croatie	Croazia
http://www.wikidata.org/entity/Q225	Bosnia and Herzegovina	Bosnia ja Hertsegovina	Bosnien och Hercegovina	Bosnien und Herzegowina	Bosnie-Herzégovine	Bosnia ed Erzegovina
http://www.wikidata.org/entity/Q227	Azerbaijan	Azerbaidžan	Azerbajdzjan	Aserbaidschan	Azerbaïdjan	Azerbaigian
http://www.wikidata.org/entity/Q228	Andorra	Andorra	Andorra	Andorra	Andorre	Andorra
http://www.wikidata.org/entity/Q2280	Minsk	Minsk	Minsk	Minsk	Minsk	Minsk
http://www.wikidata.org/entity/Q229	Cyprus	Kypros	Cypern	Republik Zypern	Chypre	Cipro
http://www.wikidata.org/entity/Q2293341	Skykomish	Skykomish	Skykomish	Skykomish	Skykomish	Skykomish
http://www.wikidata.org/entity/Q230	Georgia	Georgia	Georgien	Georgien	Géorgie	Georgia
http://www.wikidata.org/entity/Q232	Kazakhstan	Kazakstan	Kazakstan	Kasachstan	Kazakhstan	Kazakistan
http://www.wikidata.org/entity/Q233	Malta	Malta	Malta	Malta	Malte	Malta
http://www.wikidata.org/entity/Q23430	Ulaanbaatar	Ulan Bator	Ulan Bator	Ulaanbaatar	Oulan-Bator	Ulan Bator
http://www.wikidata.org/entity/Q23438	Ashgabat	Ašgabat	Asjchabad	Aşgabat	Achgabat	Aşgabat
http://www.wikidata.org/entity/Q235	Monaco	Monaco	Monaco	Monaco	Monaco	Principato di Monaco
http://www.wikidata.org/entity/Q23564	Podgorica	Podgorica	Podgorica	Podgorica	Podgorica	Podgorica
http://www.wikidata.org/entity/Q236	Montenegro	Montenegro	Montenegro	Montenegro	Monténégro	Montenegro
http://www.wikidata.org/entity/Q23661	Wellington	Wellington	Wellington	Wellington	Wellington	Wellington
http://www.wikidata.org/entity/Q237	Vatican City	Vatikaani	Vatikanstaten	Vatikanstadt	Cité du Vatican	Città del Vaticano
http://www.wikidata.org/entity/Q238	San Marino	San Marino	San Marino	San Marino	Saint-Marin	San Marino
http://www.wikidata.org/entity/Q23800	Valletta	Valletta	Valletta	Valletta	La Valette	La Valletta
http://www.wikidata.org/entity/Q238007	Burundian franc	Burundin frangi	Burundisk franc	Burundi-Franc	Franc burundais	Franco del Burundi
http://www.wikidata.org/entity/Q239	City of Brussels	Bryssel	Bryssel	Brüssel	Bruxelles	Bruxelles
http://www.wikidata.org/entity/Q240468	Syrian pound	Syyrian punta	Syriskt pund	syrische Lira	livre syrienne	lira siriana
http://www.wikidata.org/entity/Q240512	Yemeni rial	Jemenin rial	Jemenitisk rial	Jemen-Rial	rial yéménite	riyal yemenita
http://www.wikidata.org/entity/Q241	Cuba	Kuuba	Kuba	Kuba	Cuba	Cuba
http://www.wikidata.org/entity/Q242	Belize	Belize	Belize	Belize	Belize	Belize
http://www.wikidata.org/entity/Q242890	Trinidad and Tobago dollar	Trinidad ja Tobagon dollari	Trinidaddollar	Trinidad-und-Tobago-Dollar	Dollar de Trinité-et-Tobago	Dollaro di Trinidad e Tobago
http://www.wikidata.org/entity/Q242915	Costa Rican colón	Costa Rican colón	Costaricansk colón	Costa-Rica-Colón	colón	Colón costaricano
http://www.wikidata.org/entity/Q242922	Dominican peso	Dominikaanisen tasavallan peso	Dominikansk peso	dominikanischer Peso	peso dominicain	peso dominicano
http://www.wikidata.org/entity/Q242988	Liberian dollar	Liberian dollari	Liberiansk dollar	Liberianischer Dollar	dollar libérien	Dollaro liberiano
http://www.wikidata.org/entity/Q244	Barbados	Barbados	Barbados	Barbados	Barbade	Barbados
http://www.wikidata.org/entity/Q244366	South Sudanese pound	Etelä-Sudanin punta	Sydsudanesiskt pund	südsudanesisches Pfund	livre sud-soudanaise	sterlina sudsudanese
http://www.wikidata.org/entity/Q244819	Colombian cincuenta centavos	Kolumbian peso	Colombiansk peso	kolumbianischer Peso	peso colombien	peso colombiano
http://www.wikidata.org/entity/Q2449	Mogadishu	Mogadishu	Mogadishu	Mogadischu	Mogadiscio	Mogadiscio
http://www.wikidata.org/entity/Q2467	Nassau	Nassau	Nassau	Nassau	Nassau	Nassau
http://www.wikidata.org/entity/Q2471	Sanaa	Sanaa	Sanaa	Sanaa	Sanaa	Sana'a
http://www.wikidata.org/entity/Q252	Indonesia	Indonesia	Indonesien	Indonesien	Indonésie	Indonesia
http://www.wikidata.org/entity/Q25224	pound sterling	Englannin punta	Brittiskt pund	Pfund Sterling	livre sterling	sterlina britannica
http://www.wikidata.org/entity/Q25344	Swiss franc	Sveitsin frangi	schweizisk franc	Schweizer Franken	Franc suisse	franco svizzero
http://www.wikidata.org/entity/Q25417	Danish krone	Tanskan kruunu	dansk krona	dänische Krone	couronne danoise	corona danese
http://www.wikidata.org/entity/Q258	South Africa	Etelä-Afrikka	Sydafrika	Südafrika	Afrique du Sud	Sudafrica
http://www.wikidata.org/entity/Q259502	Australian dollar	Australian dollari	Australisk dollar	Australischer Dollar	dollar australien	dollaro australiano
http://www.wikidata.org/entity/Q262	Algeria	Algeria	Algeriet	Algerien	Algérie	Algeria
http://www.wikidata.org/entity/Q26360	Croatian kuna	Kroatian kuna	Kroatisk kuna	kroatische Kuna	kuna croate	kuna croata
http://www.wikidata.org/entity/Q26365	Eastern Caribbean dollar	Itä-Karibian dollari	Östkaribisk dollar	Ostkaribischer Dollar	dollar des Caraïbes orientales	dollaro dei Caraibi Orientali
http://www.wikidata.org/entity/Q265	Uzbekistan	Uzbekistan	Uzbekistan	Usbekistan	Ouzbékistan	Uzbekistan
http://www.wikidata.org/entity/Q267264	Comorian franc	Komorien frangi	Komoransk franc	Komoren-Franc	franc comorien	franco delle Comore
http://www.wikidata.org/entity/Q269	Tashkent	Taškent	Tasjkent	Taschkent	Tachkent	Tashkent
http://www.wikidata.org/entity/Q27	Ireland	Irlanti	Irland	Irland	Irlande	Irlanda
http://www.wikidata.org/entity/Q270	Warsaw	Varsova	Warszawa	Warschau	Varsovie	Varsavia
http://www.wikidata.org/entity/Q271206	Sudanese pound	Sudanin punta	Sudanesiskt pund	sudanesisches Pfund	livre soudanaise	sterlina sudanese
http://www.wikidata.org/entity/Q272290	Omani rial	Omanin rial	Omansk rial	Omanischer Rial	Rial omanais	Riyal dell'Oman
http://www.wikidata.org/entity/Q275112	Belize dollar	Belizen dollari	Belizisk dollar	Belize-Dollar	dollar bélizien	Dollaro del Belize
http://www.wikidata.org/entity/Q27611	Central America	Keski-Amerikka	Centralamerika	Zentralamerika	Amérique centrale	America centrale
http://www.wikidata.org/entity/Q28	Hungary	Unkari	Ungern	Ungarn	Hongrie	Ungheria
http://www.wikidata.org/entity/Q2807	Madrid	Madrid	Madrid	Madrid	Madrid	Madrid
http://www.wikidata.org/entity/Q2841	Bogotá	Bogotá	Bogotá	Bogotá	Bogota	Bogotà
http://www.wikidata.org/entity/Q2844	Brasília	Brasília	Brasília	Brasília	Brasilia	Brasilia
http://www.wikidata.org/entity/Q2868	Lima	Lima	Lima	Lima	Lima	Lima
http://www.wikidata.org/entity/Q2887	Santiago	Santiago de Chile	Santiago de Chile	Santiago de Chile	Santiago	Santiago del Cile
http://www.wikidata.org/entity/Q29	Spain	Espanja	Spanien	Spanien	Espagne	Spagna
http://www.wikidata.org/entity/Q2900	Quito	Quito	Quito	Quito	Quito	Quito
http://www.wikidata.org/entity/Q2907	Sucre	Sucre	Sucre	Sucre	Sucre	Sucre
http://www.wikidata.org/entity/Q2933	Asunción	Asunción	Asunción	Asunción	Asuncion	Asunción
http://www.wikidata.org/entity/Q298	Chile	Chile	Chile	Chile	Chili	Cile
http://www.wikidata.org/entity/Q29999	Kingdom of the Netherlands	Alankomaiden kuningaskunta	Konungariket Nederländerna	Königreich der Niederlande	Royaume des Pays-Bas	Regno dei Paesi Bassi
http://www.wikidata.org/entity/Q30	United States of America	Yhdysvallat	USA	Vereinigte Staaten	États-Unis	Stati Uniti d'America
http://www.wikidata.org/entity/Q3001	Paramaribo	Paramaribo	Paramaribo	Paramaribo	Paramaribo	Paramaribo
http://www.wikidata.org/entity/Q3037	Kathmandu	Kathmandu	Katmandu	Kathmandu	Katmandou	Katmandu
http://www.wikidata.org/entity/Q3043	Belmopan	Belmopan	Belmopan	Belmopan	Belmopan	Belmopan
http://www.wikidata.org/entity/Q3070	San José	San José	San José	San José	San José	San José
http://www.wikidata.org/entity/Q31	Belgium	Belgia	Belgien	Belgien	Belgique	Belgio
http://www.wikidata.org/entity/Q31026	Yaren District	Yaren	Yaren	Yaren	Yaren	Yaren
http://www.wikidata.org/entity/Q3110	San Salvador	San Salvador	San Salvador	San Salvador	San Salvador	San Salvador
http://www.wikidata.org/entity/Q3114	Canberra	Canberra	Canberra	Canberra	Canberra	Canberra
http://www.wikidata.org/entity/Q32	Luxembourg	Luxemburg	Luxemburg	Luxemburg	Luxembourg	Lussemburgo
http://www.wikidata.org/entity/Q3238	Tegucigalpa	Tegucigalpa	Tegucigalpa	Tegucigalpa	Tegucigalpa	Tegucigalpa
http://www.wikidata.org/entity/Q324516	Choctaw	Choctawit	Choctawer	Choctaw	Chactas	Choctaw
http://www.wikidata.org/entity/Q3274	Managua	Managua	Managua	Managua	Managua	Managua
http://www.wikidata.org/entity/Q33	Finland	Suomi	Finland	Finnland	Finlande	Finlandia
http://www.wikidata.org/entity/Q3306	Panama City	Panamá	Panama City	Panama-Stadt	Panama	Panama
http://www.wikidata.org/entity/Q333049	Lakota people	Lakotat	Lakota	Lakota	Lakotas	Lakota
http://www.wikidata.org/entity/Q334	Singapore	Singapore	Singapore	Singapur	Singapour	Singapore
http://www.wikidata.org/entity/Q34	Sweden	Ruotsi	Sverige	Schweden	Suède	Svezia
http://www.wikidata.org/entity/Q34126	Funafuti	Funafuti	Funafuti	Funafuti	Funafuti	Funafuti
http://www.wikidata.org/entity/Q34261	Port-au-Prince	Port-au-Prince	Port-au-Prince	Port-au-Prince	Port-au-Prince	Port-au-Prince
http://www.wikidata.org/entity/Q34692	Kingston	Kingston	Kingston	Kingston	Kingston	Kingston
http://www.wikidata.org/entity/Q347	Liechtenstein	Liechtenstein	Liechtenstein	Liechtenstein	Liechtenstein	Liechtenstein
http://www.wikidata.org/entity/Q34820	Santo Domingo	Santo Domingo	Santo Domingo	Santo Domingo	Saint-Domingue	Santo Domingo
http://www.wikidata.org/entity/Q35	Denmark	Tanska	Danmark	Dänemark	Danemark	Danimarca
http://www.wikidata.org/entity/Q35178	Kuwait City	Kuwait	Kuwait	Kuwait	Koweït	Al Kuwait
http://www.wikidata.org/entity/Q35381	Colombo	Colombo	Colombo	Colombo	Colombo	Colombo
http://www.wikidata.org/entity/Q3551	Rabat	Rabat	Rabat	Rabat	Rabat	Rabat
http://www.wikidata.org/entity/Q3561	Algiers	Alger	Alger	Algier	Alger	Algeri
http://www.wikidata.org/entity/Q3572	Tunis	Tunis	Tunis	Tunis	Tunis	Tunisi
http://www.wikidata.org/entity/Q3579	Tripoli	Tripoli	Tripoli	Tripolis	Tripoli	Tripoli
http://www.wikidata.org/entity/Q35881	Kyrgyzstani som	Kirgisian som	Kirgizistansk som	Som	som	som kirghizo
http://www.wikidata.org/entity/Q36	Poland	Puola	Polen	Polen	Pologne	Polonia
http://www.wikidata.org/entity/Q3604	Djibouti	Djibouti	Djibouti	Dschibuti	Djibouti	Gibuti
http://www.wikidata.org/entity/Q3616	Tehran	Teheran	Teheran	Teheran	Téhéran	Teheran
http://www.wikidata.org/entity/Q36168	Bridgetown	Bridgetown	Bridgetown	Bridgetown	Bridgetown	Bridgetown
http://www.wikidata.org/entity/Q3624	Addis Ababa	Addis Abeba	Addis Abeba	Addis Abeba	Addis-Abeba	Addis Abeba
http://www.wikidata.org/entity/Q36260	Apia	Apia	Apia	Apia	Apia	Apia
http://www.wikidata.org/entity/Q36262	Saint John's	St. John’s	Saint John's	Saint John’s	Saint John's	Saint John's
http://www.wikidata.org/entity/Q36281	Roseau	Roseau	Roseau	Roseau	Roseau	Roseau
http://www.wikidata.org/entity/Q3630	Jakarta	Jakarta	Jakarta	Jakarta	Jakarta	Giacarta
http://www.wikidata.org/entity/Q3640	Ankara	Ankara	Ankara	Ankara	Ankara	Ankara
http://www.wikidata.org/entity/Q3642	Asmara	Asmara	Asmara	Asmara	Asmara	Asmara
http://www.wikidata.org/entity/Q36526	Port Moresby	Port Moresby	Port Moresby	Port Moresby	Port Moresby	Port Moresby
http://www.wikidata.org/entity/Q3659	N'Djamena	N’Djamena	N'Djamena	N’Djamena	N'Djaména	N’Djamena
http://www.wikidata.org/entity/Q3674	Niamey	Niamey	Niamey	Niamey	Niamey	Niamey
http://www.wikidata.org/entity/Q3688	Nouakchott	Nouakchott	Nouakchott	Nouakchott	Nouakchott	Nouakchott
http://www.wikidata.org/entity/Q3692	Riyadh	Riad	Riyadh	Riad	Riyad	Riad
http://www.wikidata.org/entity/Q37	Lithuania	Liettua	Litauen	Litauen	Lituanie	Lituania
http://www.wikidata.org/entity/Q3703	Bamako	Bamako	Bamako	Bamako	Bamako	Bamako
http://www.wikidata.org/entity/Q3711	Belgrade	Belgrad	Belgrad	Belgrad	Belgrade	Belgrado
http://www.wikidata.org/entity/Q3718	Dakar	Dakar	Dakar	Dakar	Dakar	Dakar
http://www.wikidata.org/entity/Q3726	Banjul	Banjul	Banjul	Banjul	Banjul	Banjul
http://www.wikidata.org/entity/Q3733	Conakry	Conakry	Conakry	Conakry	Conakry	Conakry
http://www.wikidata.org/entity/Q3739	Bissau	Bissau	Bissau	Bissau	Bissau	Bissau
http://www.wikidata.org/entity/Q37400	Naypyidaw	Naypyidaw	Naypyidaw	Naypyidaw	Naypyidaw	Naypyidaw
http://www.wikidata.org/entity/Q3748	Monrovia	Monrovia	Monrovia	Monrovia	Monrovia	Monrovia
http://www.wikidata.org/entity/Q3751	Praia	Praia	Praia	Praia	Praia	Praia
http://www.wikidata.org/entity/Q3761	Accra	Accra	Accra	Accra	Accra	Accra
http://www.wikidata.org/entity/Q3766	Damascus	Damaskos	Damaskus	Damaskus	Damas	Damasco
http://www.wikidata.org/entity/Q3768	Yamoussoukro	Yamoussoukro	Yamoussoukro	Yamoussoukro	Yamoussoukro	Yamoussoukro
http://www.wikidata.org/entity/Q37701	Bloemfontein	Bloemfontein	Bloemfontein	Bloemfontein	Bloemfontein	Bloemfontein
http://www.wikidata.org/entity/Q3777	Ouagadougou	Ouagadougou	Ouagadougou	Ouagadougou	Ouagadougou	Ouagadougou
http://www.wikidata.org/entity/Q3780	Freetown	Freetown	Freetown	Freetown	Freetown	Freetown
http://www.wikidata.org/entity/Q37806	Port Vila	Port Vila	Port Vila	Port Vila	Port-Vila	Port Vila
http://www.wikidata.org/entity/Q3787	Abuja	Abuja	Abuja	Abuja	Abuja	Abuja
http://www.wikidata.org/entity/Q3792	Lomé	Lomé	Lomé	Lomé	Lomé	Lomé
http://www.wikidata.org/entity/Q3799	Porto-Novo	Porto-Novo	Porto-Novo	Porto-Novo	Porto-Novo	Porto-Novo
http://www.wikidata.org/entity/Q38	Italy	Italia	Italien	Italien	Italie	Italia
http://www.wikidata.org/entity/Q3805	Amman	Amman	Amman	Amman	Amman	Amman
http://www.wikidata.org/entity/Q3808	Yaoundé	Yaoundé	Yaoundé	Yaoundé	Yaoundé	Yaoundé
http://www.wikidata.org/entity/Q3818	Malabo	Malabo	Malabo	Malabo	Malabo	Malabo
http://www.wikidata.org/entity/Q3820	Beirut	Beirut	Beirut	Beirut	Beyrouth	Beirut
http://www.wikidata.org/entity/Q3825	Libreville	Libreville	Libreville	Libreville	Libreville	Libreville
http://www.wikidata.org/entity/Q3826	Muscat	Masqat	Muskat	Maskat	Mascate	Mascate
http://www.wikidata.org/entity/Q3832	Bangui	Bangui	Bangui	Bangui	Bangui	Bangui
http://www.wikidata.org/entity/Q3838	Kinshasa	Kinshasa	Kinshasa	Kinshasa	Kinshasa	Kinshasa
http://www.wikidata.org/entity/Q384	Skopje	Skopje	Skopje	Skopje	Skopje	Skopje
http://www.wikidata.org/entity/Q3844	Brazzaville	Brazzaville	Brazzaville	Brazzaville	Brazzaville	Brazzaville
http://www.wikidata.org/entity/Q3856	Nicosia	Nikosia	Nicosia	Nikosia	Nicosie	Nicosia
http://www.wikidata.org/entity/Q3859	Kigali	Kigali	Kigali	Kigali	Kigali	Kigali
http://www.wikidata.org/entity/Q3861	Doha	Doha	Doha	Doha	Doha	Doha
http://www.wikidata.org/entity/Q3866	Dodoma	Dodoma	Dodoma	Dodoma	Dodoma	Dodoma
http://www.wikidata.org/entity/Q3870	Nairobi	Nairobi	Nairobi	Nairobi	Nairobi	Nairobi
http://www.wikidata.org/entity/Q3876	Lilongwe	Lilongwe	Lilongwe	Lilongwe	Lilongwe	Lilongwe
http://www.wikidata.org/entity/Q38807	Suva	Suva	Suva	Suva	Suva	Suva
http://www.wikidata.org/entity/Q3881	Lusaka	Lusaka	Lusaka	Lusaka	Lusaka	Lusaka
http://www.wikidata.org/entity/Q3882	Manama	Manama	Manama	Manama	Manama	Manama
http://www.wikidata.org/entity/Q38834	Nuku'alofa	Nukuʻalofa	Nuku'alofa	Nukuʻalofa	Nukuʻalofa	Nukuʻalofa
http://www.wikidata.org/entity/Q3889	Maputo	Maputo	Maputo	Maputo	Maputo	Maputo
http://www.wikidata.org/entity/Q3894	Kampala	Kampala	Kampala	Kampala	Kampala	Kampala
http://www.wikidata.org/entity/Q3897	Luanda	Luanda	Luanda	Luanda	Luanda	Luanda
http://www.wikidata.org/entity/Q39	Switzerland	Sveitsi	Schweiz	Schweiz	Suisse	Svizzera
http://www.wikidata.org/entity/Q3901	Moroni	Moroni	Moroni	Moroni	Moroni	Moroni
http://www.wikidata.org/entity/Q3904	Mbabane	Mbabane	Mbabane	Mbabane	Mbabane	Mbabane
http://www.wikidata.org/entity/Q3909	Maseru	Maseru	Maseru	Maseru	Maseru	Maseru
http://www.wikidata.org/entity/Q39099	renminbi	Renminbi	Renminbi	Renminbi	Renminbi	renminbi cinese
http://www.wikidata.org/entity/Q3915	Antananarivo	Antananarivo	Antananarivo	Antananarivo	Antananarivo	Antananarivo
http://www.wikidata.org/entity/Q39178	Port of Spain	Port of Spain	Port of Spain	Port of Spain	Port-d'Espagne	Port of Spain
http://www.wikidata.org/entity/Q3919	Gaborone	Gaborone	Gaborone	Gaborone	Gaborone	Gaborone
http://www.wikidata.org/entity/Q3921	Harare	Harare	Harare	Harare	Harare	Harare
http://www.wikidata.org/entity/Q3926	Pretoria	Pretoria	Pretoria	Pretoria	Pretoria	Pretoria
http://www.wikidata.org/entity/Q3929	Port Louis	Port Louis	Port Louis	Port Louis	Port-Louis	Port Louis
http://www.wikidata.org/entity/Q3932	São Tomé	São Tomé	São Tomé	São Tomé	São Tomé	São Tomé
http://www.wikidata.org/entity/Q3935	Windhoek	Windhoek	Windhoek	Windhoek	Windhoek	Windhoek
http://www.wikidata.org/entity/Q3940	Victoria	Victoria	Victoria	Victoria	Victoria	Victoria
http://www.wikidata.org/entity/Q398	Bahrain	Bahrain	Bahrain	Bahrain	Bahreïn	Bahrein
http://www.wikidata.org/entity/Q399	Armenia	Armenia	Armenien	Armenien	Arménie	Armenia
http://www.wikidata.org/entity/Q40	Austria	Itävalta	Österrike	Österreich	Autriche	Austria
http://www.wikidata.org/entity/Q403	Serbia	Serbia	Serbien	Serbien	Serbie	Serbia
http://www.wikidata.org/entity/Q408	Australia	Australia	Australien	Australien	Australie	Australia
http://www.wikidata.org/entity/Q40921	Honiara	Honiara	Honiara	Honiara	Honiara	Honiara
http://www.wikidata.org/entity/Q41	Greece	Kreikka	Grekland	Griechenland	Grèce	Grecia
http://www.wikidata.org/entity/Q41044	Russian ruble	Venäjän rupla	rysk rubel	russischer Rubel	rouble russe	rublo russo
http://www.wikidata.org/entity/Q41295	Basseterre	Basseterre	Basseterre	Basseterre	Basseterre	Basseterre
http://www.wikidata.org/entity/Q414	Argentina	Argentiina	Argentina	Argentinien	Argentine	Argentina
http://www.wikidata.org/entity/Q41474	Kingstown	Kingstown	Kingstown	Kingstown	Kingstown	Kingstown
http://www.wikidata.org/entity/Q41547	St. George's	St. George’s	Saint George's	St. George’s	Saint-Georges	Saint George's
http://www.wikidata.org/entity/Q41588	rupiah	Indonesian rupia	Rupiah	indonesische Rupiah	roupie indonésienne	rupia indonesiana
http://www.wikidata.org/entity/Q41699	Castries	Castries	Castries	Castries	Castries	Castries
http://www.wikidata.org/entity/Q419	Peru	Peru	Peru	Peru	Pérou	Perù
http://www.wikidata.org/entity/Q41963	Sri Jayawardenepura Kotte	Kotte	Sri Jayawardenapura	Sri Jayewardenepura Kotte	Sri Jayawardenapura	Sri Jayawardenapura Kotte
http://www.wikidata.org/entity/Q423	North Korea	Korean demokraattinen kansantasavalta	Nordkorea	Nordkorea	Corée du Nord	Corea del Nord
http://www.wikidata.org/entity/Q424	Cambodia	Kambodža	Kambodja	Kambodscha	Cambodge	Cambogia
http://www.wikidata.org/entity/Q42751	Palikir	Palikir	Palikir	Palikir	Palikir	Palikir
http://www.wikidata.org/entity/Q43	Turkey	Turkki	Turkiet	Türkei	Turquie	Turchia
http://www.wikidata.org/entity/Q437	Ljubljana	Ljubljana	Ljubljana	Ljubljana	Ljubljana	Lubiana
http://www.wikidata.org/entity/Q4406	Tuvaluan dollar	Tuvalun dollari	Tuvaluansk dollar	Tuvaluischer Dollar	Dollar de Tuvalu	Dollaro di Tuvalu
http://www.wikidata.org/entity/Q45	Portugal	Portugali	Portugal	Portugal	Portugal	Portogallo
http://www.wikidata.org/entity/Q4584	ariary	Madagaskarin ariary	Madagaskisk ariary	Ariary	ariary	ariary malgascio
http://www.wikidata.org/entity/Q4587	Sierra Leonean leone	Sierra Leonen leone	Sierraleonsk Leone	Sierra-leonischer Leone	leone	leone sierraleonese
http://www.wikidata.org/entity/Q4588	Samoan tālā	Samoan tala	Samoansk Tala	samoanischer Tala	tala	tala samoano
http://www.wikidata.org/entity/Q4589	Tanzanian shilling	Tansanian šillinki	Tanzanisk shilling	Tansania-Schilling	shilling tanzanien	scellino tanzaniano
http://www.wikidata.org/entity/Q4591	Cape Verdean escudo	Kap Verden escudo	Kapverdisk escudo	Kap-Verde-Escudo	escudo cap-verdien	escudo capoverdiano
http://www.wikidata.org/entity/Q4592	Fijian dollar	Fidžin dollari	Fijidollar	Fidschi-Dollar	dollar de Fidji	dollaro delle Figi
http://www.wikidata.org/entity/Q4594	Djiboutian franc	Djiboutin frangi	Djiboutisk franc	Dschibuti-Franc	franc Djibouti	franco gibutiano
http://www.wikidata.org/entity/Q4595	Seychellois rupee	Seychellien rupia	Seychellisk rupee	Seychellen-Rupie	roupie seychelloise	rupia delle Seychelles
http://www.wikidata.org/entity/Q4596	Sri Lankan rupee	Sri Lankan rupia	Lankesisk rupie	Sri-Lanka-Rupie	roupie srilankaise	rupia singalese
http://www.wikidata.org/entity/Q4597	Solomon Islands dollar	Salomonsaarten dollari	Salomondollar	Salomonen-Dollar	dollar des îles Salomon	dollaro delle Salomone
http://www.wikidata.org/entity/Q4598	Ugandan shilling	Ugandan šillinki	Ugandisk shilling	Uganda-Schilling	shilling ougandais	scellino ugandese
http://www.wikidata.org/entity/Q46	Europe	Eurooppa	Europa	Europa	Europe	Europa
http://www.wikidata.org/entity/Q4602	Tunisian dinar	Tunisian dinaari	Tunisisk dinar	tunesischer Dinar	dinar tunisien	dinaro tunisino
http://www.wikidata.org/entity/Q4603	Somali shilling	Somalian šillinki	Somalisk shilling	Somalia-Schilling	shilling somalien	scellino somalo
http://www.wikidata.org/entity/Q4608	Georgian lari	Georgian lari	Georgiska lari	georgischer Lari	lari	lari georgiano
http://www.wikidata.org/entity/Q4613	Tongan paʻanga	Tongan paʻanga	Tongansk pa'anga	Paʻanga	pa’anga	pa'anga tongano
http://www.wikidata.org/entity/Q4719	Honduran lempira	Hondurasin lempira	Lempira	Lempira	lempira	lempira honduregna
http://www.wikidata.org/entity/Q47190	forint	Unkarin forintti	Forint	Forint	forint	fiorino ungherese
http://www.wikidata.org/entity/Q472	Sofia	Sofia	Sofia	Sofia	Sofia	Sofia
http://www.wikidata.org/entity/Q4730	Mexican peso	Meksikon peso	Mexikansk peso	Mexikanischer Peso	peso mexicain	peso messicano
http://www.wikidata.org/entity/Q4734	Congolese franc	Kongon frangi	Kongolesisk franc	Kongo-Franc	franc congolais	franco congolese
http://www.wikidata.org/entity/Q4741	Rwandan franc	Ruandan frangi	Rwandisk franc	Ruanda-Franc	franc rwandais	franco ruandese
http://www.wikidata.org/entity/Q48	Asia	Aasia	Asien	Asien	Asie	Asia
http://www.wikidata.org/entity/Q4823	lilangeni	Lilangeni	Swazisk lilangeni	Lilangeni	lilangeni	lilangeni dell'eSwatini
http://www.wikidata.org/entity/Q483725	Azerbaijani manat	Azerbaidžanin manat	Azerbajdzjansk manat	Aserbaidschan-Manat	Manat azerbaïdjanais	Manat azero
http://www.wikidata.org/entity/Q486637	Turkmenistan manat	Turkmenistanin manat	Turkmenistansk manat	Turkmenistan-Manat	Manat turkmène	Manat turkmeno
http://www.wikidata.org/entity/Q487888	Uzbekistani som	Uzbekistanin som	Uzbekistansk som	Soʻm	Sum	Som uzbeco
http://www.wikidata.org/entity/Q49	North America	Pohjois-Amerikka	Nordamerika	Nordamerika	Amérique du Nord	America del Nord
http://www.wikidata.org/entity/Q4916	euro	euro	euro	Euro	euro	euro
http://www.wikidata.org/entity/Q4917	United States dollar	Yhdysvaltain dollari	amerikansk dollar	US-Dollar	dollar américain	dollaro statunitense
http://www.wikidata.org/entity/Q515229	Ngerulmud	Ngerulmud	Ngerulmud	Ngerulmud	Ngerulmud	Ngerulmud
http://www.wikidata.org/entity/Q538	insular Oceania	Oseania	Oceanien	Ozeanien	Océanie	Oceania
http://www.wikidata.org/entity/Q5401	Eurasia	Euraasia	Eurasien	Eurasien	Eurasie	Eurasia
http://www.wikidata.org/entity/Q5465	Cape Town	Kapkaupunki	Kapstaden	Kapstadt	Le Cap	Città del Capo
http://www.wikidata.org/entity/Q574	East Timor	Itä-Timor	Östtimor	Osttimor	Timor oriental	Timor Est
http://www.wikidata.org/entity/Q5838	Kabul	Kabul	Kabul	Kabul	Kaboul	Kabul
http://www.wikidata.org/entity/Q585	Oslo	Oslo	Oslo	Oslo	Oslo	Oslo
http://www.wikidata.org/entity/Q597	Lisbon	Lissabon	Lissabon	Lissabon	Lisbonne	Lisbona
http://www.wikidata.org/entity/Q61	Washington, D.C.	Washington	Washington, D.C.	Washington, D.C.	Washington	Washington
http://www.wikidata.org/entity/Q64	Berlin	Berliini	Berlin	Berlin	Berlin	Berlino
http://www.wikidata.org/entity/Q649	Moscow	Moskova	Moskva	Moskau	Moscou	Mosca
http://www.wikidata.org/entity/Q657	Chad	Tšad	Tchad	Tschad	Tchad	Ciad
http://www.wikidata.org/entity/Q659307	Jicarilla Apache	Jicarillat	Jicarillaapacher	Jicarilla	Jicarillas	Apache Jicarilla
http://www.wikidata.org/entity/Q664	New Zealand	Uusi-Seelanti	Nya Zeeland	Neuseeland	Nouvelle-Zélande	Nuova Zelanda
http://www.wikidata.org/entity/Q668	India	Intia	Indien	Indien	Inde	India
http://www.wikidata.org/entity/Q672	Tuvalu	Tuvalu	Tuvalu	Tuvalu	Tuvalu	Tuvalu
http://www.wikidata.org/entity/Q678	Tonga	Tonga	Tonga	Tonga	Tonga	Tonga
http://www.wikidata.org/entity/Q683	Samoa	Samoa	Samoa	Samoa	Samoa	Samoa
http://www.wikidata.org/entity/Q685	Solomon Islands	Salomonsaaret	Salomonöarna	Salomonen	Îles Salomon	Isole Salomone
http://www.wikidata.org/entity/Q686	Vanuatu	Vanuatu	Vanuatu	Vanuatu	Vanuatu	Vanuatu
http://www.wikidata.org/entity/Q691	Papua New Guinea	Papua-Uusi-Guinea	Papua Nya Guinea	Papua-Neuguinea	Papouasie-Nouvelle-Guinée	Papua Nuova Guinea
http://www.wikidata.org/entity/Q695	Palau	Palau	Palau	Palau	Palaos	Palau
http://www.wikidata.org/entity/Q697	Nauru	Nauru	Nauru	Nauru	Nauru	Nauru
http://www.wikidata.org/entity/Q70	Bern	Bern	Bern	Bern	Berne	Berna
http://www.wikidata.org/entity/Q702	Federated States of Micronesia	Mikronesia	Mikronesiska federationen	Föderierte Staaten von Mikronesien	États fédérés de Micronésie	Stati Federati di Micronesia
http://www.wikidata.org/entity/Q709	Marshall Islands	Marshallinsaaret	Marshallöarna	Marshallinseln	Îles Marshall	Isole Marshall
http://www.wikidata.org/entity/Q710	Kiribati	Kiribati	Kiribati	Kiribati	Kiribati	Kiribati
http://www.wikidata.org/entity/Q711	Mongolia	Mongolia	Mongoliet	Mongolei	Mongolie	Mongolia
http://www.wikidata.org/entity/Q712	Fiji	Fidži	Fiji	Fidschi	Fidji	Figi
http://www.wikidata.org/entity/Q717	Venezuela	Venezuela	Venezuela	Venezuela	Venezuela	Venezuela
http://www.wikidata.org/entity/Q727	Amsterdam	Amsterdam	Amsterdam	Amsterdam	Amsterdam	Amsterdam
http://www.wikidata.org/entity/Q730	Suriname	Suriname	Surinam	Suriname	Suriname	Suriname
http://www.wikidata.org/entity/Q733	Paraguay	Paraguay	Paraguay	Paraguay	Paraguay	Paraguay
http://www.wikidata.org/entity/Q734	Guyana	Guyana	Guyana	Guyana	Guyana	Guyana
http://www.wikidata.org/entity/Q73408	Zambian kwacha	Sambian kwacha	Zambisk kwacha	sambischer Kwacha	kwacha zambien	kwacha zambiano
http://www.wikidata.org/entity/Q736	Ecuador	Ecuador	Ecuador	Ecuador	Équateur	Ecuador
http://www.wikidata.org/entity/Q739	Colombia	Kolumbia	Colombia	Kolumbien	Colombie	Colombia
http://www.wikidata.org/entity/Q750	Bolivia	Bolivia	Bolivia	Bolivien	Bolivie	Bolivia
http://www.wikidata.org/entity/Q754	Trinidad and Tobago	Trinidad ja Tobago	Trinidad och Tobago	Trinidad und Tobago	Trinité-et-Tobago	Trinidad e Tobago
http://www.wikidata.org/entity/Q756617	Danish Realm	Tanskan kuningaskunta	Kungariket Danmark	Königreich Dänemark	Royaume du Danemark	Regno di Danimarca
http://www.wikidata.org/entity/Q757	Saint Vincent and the Grenadines	Saint Vincent ja Grenadiinit	Saint Vincent och Grenadinerna	St. Vincent und die Grenadinen	Saint-Vincent-et-les-Grenadines	Saint Vincent e Grenadine
http://www.wikidata.org/entity/Q760	Saint Lucia	Saint Lucia	Saint Lucia	St. Lucia	Sainte-Lucie	Saint Lucia
http://www.wikidata.org/entity/Q763	Saint Kitts and Nevis	Saint Kitts ja Nevis	Saint Kitts och Nevis	St. Kitts und Nevis	Saint-Christophe-et-Niévès	Saint Kitts e Nevis
http://www.wikidata.org/entity/Q766	Jamaica	Jamaika	Jamaica	Jamaika	Jamaïque	Giamaica
http://www.wikidata.org/entity/Q769	Grenada	Grenada	Grenada	Grenada	Grenade	Grenada
http://www.wikidata.org/entity/Q77	Uruguay	Uruguay	Uruguay	Uruguay	Uruguay	Uruguay
http://www.wikidata.org/entity/Q774	Guatemala	Guatemala	Guatemala	Guatemala	Guatemala	Guatemala
http://www.wikidata.org/entity/Q778	The Bahamas	Bahama	Bahamas	Bahamas	Bahamas	Bahamas
http://www.wikidata.org/entity/Q781	Antigua and Barbuda	Antigua ja Barbuda	Antigua och Barbuda	Antigua und Barbuda	Antigua-et-Barbuda	Antigua e Barbuda
http://www.wikidata.org/entity/Q783	Honduras	Honduras	Honduras	Honduras	Honduras	Honduras
http://www.wikidata.org/entity/Q784	Dominica	Dominica	Dominica	Dominica	Dominique	Dominica
http://www.wikidata.org/entity/Q786	Dominican Republic	Dominikaaninen tasavalta	Dominikanska republiken	Dominikanische Republik	République dominicaine	Repubblica Dominicana
http://www.wikidata.org/entity/Q79	Egypt	Egypti	Egypten	Ägypten	Égypte	Egitto
http://www.wikidata.org/entity/Q790	Haiti	Haiti	Haiti	Haiti	Haïti	Haiti
http://www.wikidata.org/entity/Q792	El Salvador	El Salvador	El Salvador	El Salvador	Salvador	El Salvador
http://www.wikidata.org/entity/Q794	Iran	Iran	Iran	Iran	Iran	Iran
http://www.wikidata.org/entity/Q796	Iraq	Irak	Irak	Irak	Irak	Iraq
http://www.wikidata.org/entity/Q800	Costa Rica	Costa Rica	Costa Rica	Costa Rica	Costa Rica	Costa Rica
http://www.wikidata.org/entity/Q801	Israel	Israel	Israel	Israel	Israël	Israele
http://www.wikidata.org/entity/Q804	Panama	Panama	Panama	Panama	Panama	Panama
http://www.wikidata.org/entity/Q805	Yemen	Jemen	Jemen	Jemen	Yémen	Yemen
http://www.wikidata.org/entity/Q80524	Indian rupee	Intian rupia	Indisk rupee	Indische Rupie	roupie indienne	rupia indiana
http://www.wikidata.org/entity/Q810	Jordan	Jordania	Jordanien	Jordanien	Jordanie	Giordania
http://www.wikidata.org/entity/Q811	Nicaragua	Nicaragua	Nicaragua	Nicaragua	Nicaragua	Nicaragua
http://www.wikidata.org/entity/Q813	Kyrgyzstan	Kirgisia	Kirgizistan	Kirgisistan	Kirghizistan	Kirghizistan
http://www.wikidata.org/entity/Q8146	Japanese yen	Japanin jeni	yen	Yen	yen	yen
http://www.wikidata.org/entity/Q817	Kuwait	Kuwait	Kuwait	Kuwait	Koweït	Kuwait
http://www.wikidata.org/entity/Q81893	hryvnia	Ukrainan hryvnia	Hryvnja	Hrywnja	hryvnia	grivnia ucraina
http://www.wikidata.org/entity/Q819	Laos	Laos	Laos	Laos	Laos	Laos
http://www.wikidata.org/entity/Q822	Lebanon	Libanon	Libanon	Libanon	Liban	Libano
http://www.wikidata.org/entity/Q826	Maldives	Malediivit	Maldiverna	Malediven	Maldives	Maldive
http://www.wikidata.org/entity/Q828	Americas	Amerikan manner	Amerika	Amerika	Amérique	America
http://www.wikidata.org/entity/Q833	Malaysia	Malesia	Malaysia	Malaysia	Malaisie	Malaysia
http://www.wikidata.org/entity/Q836	Myanmar	Myanmar	Myanmar	Myanmar	Birmanie	Birmania
http://www.wikidata.org/entity/Q837	Nepal	Nepal	Nepal	Nepal	Népal	Nepal
http://www.wikidata.org/entity/Q84	London	Lontoo	London	London	Londres	Londra
http://www.wikidata.org/entity/Q842	Oman	Oman	Oman	Oman	Oman	Oman
http://www.wikidata.org/entity/Q843	Pakistan	Pakistan	Pakistan	Pakistan	Pakistan	Pakistan
http://www.wikidata.org/entity/Q846	Qatar	Qatar	Qatar	Katar	Qatar	Qatar
http://www.wikidata.org/entity/Q847739	Central African CFA franc	Keski-Afrikan CFA-frangi	Centralafrikansk CFA Franc	CFA-Franc BEAC	franc CFA d'Afrique Centrale	franco CFA dell'Africa centrale
http://www.wikidata.org/entity/Q85	Cairo	Kairo	Kairo	Kairo	Le Caire	Il Cairo
http://www.wikidata.org/entity/Q851	Saudi Arabia	Saudi-Arabia	Saudiarabien	Saudi-Arabien	Arabie saoudite	Arabia Saudita
http://www.wikidata.org/entity/Q854	Sri Lanka	Sri Lanka	Sri Lanka	Sri Lanka	Sri Lanka	Sri Lanka
http://www.wikidata.org/entity/Q858	Syria	Syyria	Syrien	Syrien	Syrie	Siria
http://www.wikidata.org/entity/Q863	Tajikistan	Tadžikistan	Tadzjikistan	Tadschikistan	Tadjikistan	Tagikistan
http://www.wikidata.org/entity/Q865	Taiwan	Taiwan	Taiwan	Republik China	Taïwan	Taiwan
http://www.wikidata.org/entity/Q8684	Seoul	Soul	Seoul	Seoul	Séoul	Seul
http://www.wikidata.org/entity/Q869	Thailand	Thaimaa	Thailand	Thailand	Thaïlande	Thailandia
http://www.wikidata.org/entity/Q874	Turkmenistan	Turkmenistan	Turkmenistan	Turkmenistan	Turkménistan	Turkmenistan
http://www.wikidata.org/entity/Q878	United Arab Emirates	Yhdistyneet arabiemiirikunnat	Förenade Arabemiraten	Vereinigte Arabische Emirate	Émirats arabes unis	Emirati Arabi Uniti
http://www.wikidata.org/entity/Q881	Vietnam	Vietnam	Vietnam	Vietnam	Viêt Nam	Vietnam
http://www.wikidata.org/entity/Q884	South Korea	Korean tasavalta	Sydkorea	Südkorea	Corée du Sud	Corea del Sud
http://www.wikidata.org/entity/Q889	Afghanistan	Afganistan	Afghanistan	Afghanistan	Afghanistan	Afghanistan
http://www.wikidata.org/entity/Q90	Paris	Pariisi	Paris	Paris	Paris	Parigi
http://www.wikidata.org/entity/Q902	Bangladesh	Bangladesh	Bangladesh	Bangladesch	Bangladesh	Bangladesh
http://www.wikidata.org/entity/Q912	Mali	Mali	Mali	Mali	Mali	Mali
http://www.wikidata.org/entity/Q916	Angola	Angola	Angola	Angola	Angola	Angola
http://www.wikidata.org/entity/Q917	Bhutan	Bhutan	Bhutan	Bhutan	Bhoutan	Bhutan
http://www.wikidata.org/entity/Q921	Brunei	Brunei	Brunei	Brunei	Brunei	Brunei
http://www.wikidata.org/entity/Q924	Tanzania	Tansania	Tanzania	Tansania	Tanzanie	Tanzania
http://www.wikidata.org/entity/Q9248	Baku	Baku	Baku	Baku	Bakou	Baku
http://www.wikidata.org/entity/Q9270	Thimphu	Thimphu	Thimphu	Thimphu	Thimphou	Thimphu
http://www.wikidata.org/entity/Q9279	Bandar Seri Begawan	Bandar Seri Begawan	Bandar Seri Begawan	Bandar Seri Begawan	Bandar Seri Begawan	Bandar Seri Begawan
http://www.wikidata.org/entity/Q928	Philippines	Filippiinit	Filippinerna	Philippinen	Philippines	Filippine
http://www.wikidata.org/entity/Q929	Central African Republic	Keski-Afrikan tasavalta	Centralafrikanska republiken	Zentralafrikanische Republik	République centrafricaine	Repubblica Centrafricana
http://www.wikidata.org/entity/Q9310	Dili	Dili	Dili	Dili	Dili	Dili
http://www.wikidata.org/entity/Q9326	Vientiane	Vientiane	Vientiane	Vientiane	Vientiane	Vientiane
http://www.wikidata.org/entity/Q9347	Malé	Malé	Malé	Malé	Malé	Male
http://www.wikidata.org/entity/Q9361	Bishkek	Biškek	Bisjkek	Bischkek	Bichkek	Biškek
http://www.wikidata.org/entity/Q9365	Dushanbe	Dušanbe	Dusjanbe	Duschanbe	Douchanbé	Dušanbe
http://www.wikidata.org/entity/Q945	Togo	Togo	Togo	Togo	Togo	Togo
http://www.wikidata.org/entity/Q947650	Osage Nation	Osage-intiaanit	Osage	Osage	Osages	Nazione Osage
http://www.wikidata.org/entity/Q948	Tunisia	Tunisia	Tunisien	Tunesien	Tunisie	Tunisia
http://www.wikidata.org/entity/Q953	Zambia	Sambia	Zambia	Sambia	Zambie	Zambia
http://www.wikidata.org/entity/Q954	Zimbabwe	Zimbabwe	Zimbabwe	Simbabwe	Zimbabwe	Zimbabwe
http://www.wikidata.org/entity/Q956	Beijing	Peking	Peking	Peking	Pékin	Pechino
http://www.wikidata.org/entity/Q958	South Sudan	Etelä-Sudan	Sydsudan	Südsudan	Soudan du Sud	Sudan del Sud
http://www.wikidata.org/entity/Q96	Mexico	Meksiko	Mexiko	Mexiko	Mexique	Messico
http://www.wikidata.org/entity/Q962	Benin	Benin	Benin	Benin	Bénin	Benin
http://www.wikidata.org/entity/Q963	Botswana	Botswana	Botswana	Botswana	Botswana	Botswana
http://www.wikidata.org/entity/Q965	Burkina Faso	Burkina Faso	Burkina Faso	Burkina Faso	Burkina Faso	Burkina Faso
http://www.wikidata.org/entity/Q967	Burundi	Burundi	Burundi	Burundi	Burundi	Burundi
http://www.wikidata.org/entity/Q970	Comoros	Komorit	Komorerna	Komoren	Comores	Comore
http://www.wikidata.org/entity/Q971	Republic of the Congo	Kongon tasavalta	Kongo-Brazzaville	Republik Kongo	République du Congo	Repubblica del Congo
http://www.wikidata.org/entity/Q974	Democratic Republic of the Congo	Kongon demokraattinen tasavalta	Kongo-Kinshasa	Demokratische Republik Kongo	République démocratique du Congo	Repubblica Democratica del Congo
http://www.wikidata.org/entity/Q977	Djibouti	Djibouti	Djibouti	Dschibuti	Djibouti	Gibuti
http://www.wikidata.org/entity/Q983	Equatorial Guinea	Päiväntasaajan Guinea	Ekvatorialguinea	Äquatorialguinea	Guinée équatoriale	Guinea Equatoriale
http://www.wikidata.org/entity/Q986	Eritrea	Eritrea	Eritrea	Eritrea	Érythrée	Eritrea
http://www.wikidata.org/entity/Q987	New Delhi	New Delhi	New Delhi	Neu-Delhi	New Delhi	Nuova Delhi
http://www.wikidata.org/entity/Q994	Tbilisi	Tbilisi	Tbilisi	Tiflis	Tbilissi	Tbilisi
